{
  "name": "Temperature",
  "keywords": "Temperature Kelvin Celsius Fahrenheit dewPoint humidex heatIndex",
  "description": "Library with weather related functions.",
  "authors":
  [
    {
      "name": "Rob Tillaart",
      "email": "Rob.Tillaart@gmail.com",
      "maintainer": true
    }
  ],
  "repository":
  {
    "type": "git",
    "url": "https://github.com/RobTillaart/Arduino.git"
  },
  "frameworks": "arduino",
  "platforms": "*",
  "export": {
    "include": "libraries/Temperature"
  }
}
